date,time,lat,lon,depth,ML
1973/2/14,49:16.2,22.36,121.71,30,6
1973/3/26,37:46.5,24.1683,122.015,24,5
1973/4/23,29:12.7,23.9217,121.7883,1.5,5.11
1973/6/7,22:02.8,22.69,121.0767,15.6,5.44
1973/6/30,43:30.3,23.065,121.2483,20,5.22
1973/7/23,34:05.0,21.826,121.293,73,5.3
1973/7/28,53:32.3,22.131,121.475,33,5.7
1973/8/25,50:42.5,22.4685,121.0673,10,5
1973/9/11,19:28.6,24.5887,121.5148,20,5.05
1973/10/2,59:42.2,23.9,121.628,49,5.4
1973/12/5,35:32.5,22.984,121.653,67,5.3
1974/1/16,56:00.0,23.5,121.4,10,5.4
1974/2/6,17:56.4,22.572,120.992,60,5.1
1974/3/12,07:58.4,23.2283,121.9147,60,5.04
1974/4/10,59:49.4,22.9422,121.4823,9.51,5.21
1974/5/5,57:35.8,22.4473,121.4622,9.95,5.08
1974/10/24,21:54.0,23.853,122.186,53,5.2
1975/4/2,44:25.8,23.1588,122.3317,11.06,5.11
1975/4/30,53:33.6,23.9738,121.597,0.63,5.05
1975/5/23,01:53.8,22.6835,122.4083,34.18,5.32
1975/5/23,43:59.2,22.9822,122.1848,0.19,5.58
1975/6/26,25:31.3,23.8082,121.8292,34.38,5.34
1975/7/1,24:08.3,24.6298,122.3705,80,5.06
1975/7/7,50:00.1,23.046,119.978,23,5.1
1975/7/20,38:23.7,24.0022,121.727,14.44,5.24
1975/8/8,07:42.5,22.612,122.391,15,5.3
1975/8/22,48:48.3,23.3477,121.6605,23.41,5.09
1975/11/13,25:03.3,24.333,121.627,66,5.5
1976/2/16,33:49.4,24.0447,122.3623,1.62,5.03
1976/2/23,02:27.6,22.9257,121.8215,1.42,5.66
1976/3/20,07:00.8,24.3205,121.6745,13.23,5.79
1976/4/14,00:46.3,23.3463,120.6685,7.67,5.47
1976/6/9,40:58.7,22.7902,120.7117,16.77,5.1
1976/7/11,17:00.0,23.4,122.2,30,5.2
1976/7/12,18:44.0,23.0808,122.0178,10,5.12
1976/7/18,02:29.6,22.72,120.805,50,5
1976/8/29,04:49.9,24.906,122.3627,130,5.24
1976/9/4,10:14.3,24.9183,122.3727,0.58,5.09
1976/9/9,39:39.0,24.383,121.7452,5,5
1976/10/7,27:57.0,24.6052,122.0198,89.48,5.08
1977/1/7,36:52.6,21.8143,120.2485,5,5.8
1977/1/21,20:05.1,23.7333,122.0678,10,5.15
1977/6/14,30:57.6,22.1268,121.7565,7.76,5.35
1977/7/15,12:51.5,23.9575,122.3842,0.6,5.39
1977/10/17,30:22.2,22.8035,120.4517,10,5.02
1977/10/19,39:32.4,22.5762,121.5473,141.5,5.34
1977/10/28,16:59.8,22.4973,121.4307,20.56,5.25
1977/12/6,19:00.5,23.1543,121.6467,18.75,5.22
1977/12/12,44:01.0,22.9922,121.5743,0.9,5.39
1977/12/25,33:48.1,24.2187,121.7785,30,5.31
1978/4/8,26:07.8,22.5658,121.0425,10,5.84
1978/4/14,12:14.3,23.8067,121.8113,35.88,5.11
1978/5/27,44:09.1,23.8765,121.8823,7.85,5.2
1978/5/30,09:06.1,24.4173,121.8262,0.22,5.37
1978/6/7,29:47.8,22.151,121.1553,7.24,5.11
1978/7/23,42:38.2,22.3518,121.3287,6.1,7.1
1978/7/24,54:46.0,22.2545,121.366,0.17,5.54
1978/7/24,41:53.6,22.3118,121.3658,5.16,5.1
1978/7/24,37:00.4,22.1635,121.3502,0.19,5.57
1978/7/25,56:28.9,22.3808,121.4258,8.45,5.47
1978/7/31,20:40.5,24.3963,121.9622,5.56,5.3
1978/8/7,56:10.8,22.2813,121.274,3.17,5.11
1978/8/9,36:08.2,25.1508,120.6932,25.85,5.33
1978/8/9,35:03.6,23.5035,121.5008,13.04,5.32
1978/8/13,41:33.6,22.3673,121.3907,4.11,5.37
1978/8/14,50:11.6,24.4535,121.801,5.61,5.21
1978/8/26,53:11.2,22.27,121.3583,0.45,5.31
1978/8/31,27:53.5,22.4185,121.4788,7.8,5.01
1978/9/2,57:35.7,24.7765,121.983,86.47,5.78
1978/9/10,34:01.4,24.0448,121.7622,3.06,5.33
1978/9/10,10:53.0,24.1198,121.7785,5.96,5.11
1978/9/10,50:34.7,24.112,121.7652,14.38,5.26
1978/9/11,25:36.6,24.0548,121.7512,10,5.4
1978/9/11,22:07.5,22.2227,121.345,9.35,5
1978/11/7,02:00.5,23.9267,122.4418,14.13,5.09
1978/11/10,06:04.1,21.5282,121.1327,16.61,5.08
1978/11/12,27:09.7,22.3988,121.3697,5.17,5.02
1978/12/23,23:11.7,23.297,122.0047,4.12,6.9
1978/12/26,49:11.5,23.0615,121.5932,7.98,5.35
1979/1/3,39:04.5,23.0468,120.9048,10,5.33
1979/6/2,08:59.3,22.4995,121.4532,23.18,5.16
1979/7/20,12:31.2,23.2447,121.6397,24.12,5
1979/7/24,20:28.4,24.0783,121.6745,32.74,5.03
1979/9/11,06:58.4,22.621,119.804,35.01,5.01
1979/9/13,54:51.0,22.6527,120.0148,32.75,5.41
1979/12/2,25:17.6,22.959,121.4147,19.05,5.43
1979/12/2,09:44.4,23.0203,121.3897,22.61,5.22
1979/12/23,46:30.2,23.0168,121.789,10,5.1
1980/3/21,59:44.9,23.009,121.4545,14.26,5.5
1980/5/16,35:59.3,21.7005,121.6925,23.62,5.11
1980/5/29,41:47.5,24.5432,122.3875,6.89,5.1
1980/6/18,32:26.5,22.3933,121.225,28.24,5.99
1980/9/16,00:24.5,21.5087,121.6038,10,5.03
1980/9/25,56:51.1,23.3577,120.7197,15,5.28
1980/10/18,08:23.0,24.2597,121.8902,10,5.61
1980/11/7,36:51.2,23.9585,122.3037,24.28,5.51
1980/11/14,37:03.5,24.571,121.8028,64.75,5.47
1980/11/14,38:15.8,24.5738,121.7847,59.49,5.11
1980/11/22,00:58.9,22.1318,121.265,3.86,5.09
1981/1/24,10:31.4,23.8742,121.7333,45.76,5
1981/1/29,51:36.2,24.4205,121.9067,12.81,5.93
1981/2/20,09:11.0,22.9147,121.433,21.26,5.52
1981/3/2,13:46.6,22.9463,121.429,14.3,5.77
1981/3/5,24:49.6,21.945,121.067,8,5.04
1981/3/27,41:01.8,22.9748,121.6002,20,5.28
1981/3/30,22:47.6,23.0552,120.4368,16,5.29
1981/5/14,27:34.8,24.8423,121.9957,8.58,5.05
1981/5/14,22:51.7,23.189,120.6292,7.18,5.12
1981/6/1,53:44.1,24.3792,121.875,1.5,5
1981/6/4,22:07.2,22.07,121.5067,3,5.51
1981/6/28,01:51.1,21.7878,121.579,91.3,5.4
1981/10/15,47:07.6,22.0273,120.8855,40,5.24
1981/11/2,21:47.2,23.3708,121.7253,42.02,5.1
1981/12/12,56:39.2,23.4442,121.625,29.79,5.35
1982/1/14,52:10.5,22.0725,120.5603,23.12,5.02
1982/1/23,10:39.8,23.9142,121.6263,3.25,5.8
1982/2/17,53:53.7,23.6967,121.6793,14.31,5.13
1982/5/6,15:51.4,24.7662,122.3865,78.69,5.2
1982/6/19,25:43.1,22.8032,121.7342,0.45,5.04
1982/10/20,04:54.7,23.7878,121.9492,0.78,5.43
1982/10/20,01:54.6,23.766,121.9563,3.13,6
1982/10/31,56:15.8,24.7695,122.187,9.84,5.2
1982/11/4,08:34.1,22.7433,121.6312,117.68,5.21
1983/1/31,01:44.1,22.0188,121.6232,14.54,5.7
1983/1/31,47:42.9,21.998,121.5767,16.7,5.01
1983/2/26,05:36.3,22.467,121.079,6.26,5.29
1983/4/26,15:36.2,24.1147,121.8102,62.29,5.13
1983/5/7,58:02.1,24.4832,121.505,3.09,5.14
1983/5/10,15:03.8,24.4582,121.5073,1.23,6
1983/5/15,13:49.3,23.2935,122.3887,7.45,5.08
1983/6/21,38:48.1,23.9488,122.4348,23.73,5.09
1983/6/21,55:03.6,23.4907,121.7077,29.31,5.12
1983/6/25,01:29.5,23.3087,122.3765,5.66,5.4
1983/7/3,52:58.6,23.104,121.9813,18.67,5.05
1983/7/15,39:06.8,23.02,121.2452,13.6,5.84
1983/8/14,24:25.8,21.632,122.0468,1.27,5.79
1983/9/7,11:56.5,23.8987,122.4878,21.68,6.39
1983/9/21,20:40.7,23.9382,122.3167,18,6.54
1983/9/21,34:43.4,23.9382,122.2808,7.92,5.04
1983/9/21,55:29.0,23.9438,122.3907,11.32,5.29
1983/9/22,04:42.2,24.0028,122.3657,3.62,5.35
1983/9/23,29:21.3,23.8918,122.3492,12.32,5.96
1983/9/25,29:40.9,23.8608,122.3808,11.51,5.08
1983/10/5,29:37.4,23.9937,121.8128,32.44,5.25
1983/12/8,53:42.5,24.3065,121.9028,3.68,5.09
1983/12/22,37:25.8,22.2245,121.0145,4.47,5.24
1984/1/19,12:34.4,24.0372,122.4925,21.62,5.26
1984/2/13,49:10.2,25.0073,121.9928,168.42,5.48
1984/3/25,48:13.0,21.8652,121.0663,17.95,5.15
1984/4/11,51:09.6,21.509,121.0613,47.67,5
1984/4/16,41:55.9,24.2807,122.1382,24.78,5.08
1984/4/18,34:18.3,24.7957,122.2338,5.86,5.45
1984/4/19,28:59.2,24.823,122.2385,6.1,5.38
1984/4/23,35:04.0,24.7885,122.089,8.71,5.55
1984/5/20,47:40.1,24.9112,122.2788,4.59,5.18
1984/5/20,24:32.3,24.2497,121.8215,0.93,5.64
1984/5/21,45:45.7,22.0472,122.0483,7.39,5.26
1984/6/3,22:46.6,22.7097,121.4293,27.86,5.25
1984/6/9,38:59.7,24.3132,121.8692,11.61,5.12
1984/6/23,53:00.9,22.5453,122.1732,8,5.74
1984/7/5,34:56.9,22.6485,121.0595,0.2,5.05
1984/7/11,00:25.1,23.946,122.2868,7.03,5.18
1984/8/20,44:24.6,22.92,120.6273,12.04,5.14
1984/9/21,22:35.1,23.972,122.39,3.54,5.25
1984/10/13,50:47.4,21.9538,121.1007,57.52,5.41
1984/11/4,31:33.8,23.9375,122.4068,10.09,5.6
1984/11/5,37:05.2,22.9603,121.4942,31.38,5.22
1984/12/23,35:25.5,24.8282,122.3938,9.31,5.1
1984/12/29,07:02.7,24.7958,122.0212,60.74,5.89
1985/1/13,51:24.8,24.0078,122.216,44.15,5.73
1985/1/20,36:19.2,23.8382,121.9773,29.57,5.3
1985/3/9,51:00.5,24.7598,122.2325,4.05,5.48
1985/5/12,00:07.4,24.4017,122.0765,23.09,5.05
1985/6/12,23:13.3,24.5902,122.2322,5.3,5.5
1985/6/12,22:50.8,24.573,122.1947,3.31,6.09
1985/6/12,34:10.4,24.5363,122.2532,2.39,5.28
1985/6/22,32:56.8,22.7268,121.2795,20.87,5.11
1985/6/29,05:07.8,21.5385,121.4442,34.23,5.15
1985/7/4,40:02.2,22.5083,121.3503,17.74,5.23
1985/7/10,06:20.3,24.1895,121.725,32.35,5.13
1985/8/5,00:38.6,24.3825,121.8828,1.32,5.37
1985/8/5,02:36.5,24.4608,121.7743,0.75,5.28
1985/8/12,21:33.3,24.7118,121.785,8.04,5.23
1985/8/20,02:09.9,23.7188,121.7402,23.64,5.21
1985/8/29,40:38.9,24.2273,122.2513,3.49,5.22
1985/8/30,09:51.5,24.4192,121.9108,12.65,5.03
1985/9/20,01:24.0,24.5328,122.1978,6.11,5.9
1985/10/17,12:15.1,22.087,121.5467,5.61,5.35
1985/11/18,01:47.9,23.8993,122.4788,3.29,5.08
1985/11/20,09:38.8,23.8235,122.3867,9.35,5.03
1985/11/22,29:59.6,22.5497,122.0028,15.46,5.42
1985/11/26,27:04.8,22.5987,121.8718,29.76,5.11
1985/11/27,09:25.5,24.8505,122.4955,7.4,5.26
1985/12/5,35:05.3,22.0137,121.628,113.42,5.13
1985/12/24,42:45.9,23.733,122.4548,2.27,5.35
1986/1/16,04:32.0,24.7628,121.9612,10.22,6.09
1986/1/20,28:24.5,24.8455,122.3498,17.42,5.11
1986/1/28,19:21.2,23.3785,120.429,11.99,5.06
1986/2/27,23:09.1,23.9107,122.4673,7.2,5.6
1986/2/27,36:54.0,23.8858,122.4423,8.21,5.09
1986/3/11,23:43.9,23.942,122.4938,21.01,5.18
1986/3/22,45:31.6,23.3558,121.7365,28.45,5.89
1986/3/23,09:05.4,24.8472,122.2142,16.25,5.12
1986/3/24,10:51.6,24.8115,122.4755,9.02,5.2
1986/3/24,31:03.2,24.8235,122.2053,2,5.08
1986/4/22,50:35.2,24.5615,122.32,3.4,5.03
1986/5/8,59:07.9,23.9653,121.0962,12.6,5.06
1986/5/18,33:36.7,24.7943,122.497,9.43,5.19
1986/5/20,37:31.7,24.0482,121.6173,21.84,5.76
1986/5/20,25:49.6,24.0817,121.5915,15.82,6.1
1986/5/22,00:03.2,24.0708,121.5498,15.6,5.01
1986/5/22,47:22.0,23.966,121.6962,1.25,5.48
1986/5/24,02:08.8,24.0457,121.6747,0.55,5.39
1986/5/24,58:14.0,24.0393,121.6443,2.39,5.39
1986/5/28,57:19.2,23.8905,121.6725,1.13,5
1986/6/4,43:14.3,23.9497,121.681,0.34,5.02
1986/6/4,20:56.7,23.9362,121.6837,1.41,5.28
1986/6/6,47:54.4,22.335,121.077,11.72,5.12
1986/7/30,31:47.5,24.6288,121.7942,1.55,5.82
1986/8/11,05:58.8,22.3985,121.53,112.56,5.8
1986/9/27,36:35.4,22.5303,121.0583,0.57,5.37
1986/9/28,02:55.7,21.6968,121.6605,1,5.04
1986/11/6,11:06.6,24.6532,122.4285,0.52,5.29
1986/11/14,04:37.1,23.866,121.711,33,6.3
1986/11/14,34:22.7,24.042,121.956,33,5.6
1986/11/14,20:04.5,23.992,121.833,15,6.8
1986/11/15,12:51.9,23.8922,121.9985,32.48,5.06
1986/11/15,24:07.1,23.9013,121.693,14.2,5.67
1986/11/15,00:02.2,23.9745,121.743,14.29,5.34
1986/11/16,13:58.0,23.8327,121.7733,13.07,5.06
1986/11/18,49:13.1,23.9232,121.8748,13.46,5.55
1986/11/19,26:52.5,23.9998,121.9005,13.96,5.08
1986/11/26,49:44.7,24.1717,121.8592,30.23,5.19
1986/11/29,50:03.4,22.4855,121.0483,5.92,5.16
1986/11/30,03:51.9,23.9143,121.9082,16.59,5.42
1986/12/8,38:23.7,24.3048,121.9663,26.72,5.29
1986/12/10,55:22.2,25.03,121.6763,98.56,5.23
1986/12/21,42:51.8,25.2078,122.4507,243.69,5.02
1986/12/22,04:01.8,24.298,122.1413,11.87,5.13
1986/12/29,24:48.9,24.5613,122.4465,5.42,5.35
1987/1/6,07:48.6,23.9142,121.8405,28.61,5.73
1987/1/15,41:42.5,22.8535,120.0737,28.91,5.14
1987/2/4,15:23.6,24.4402,121.8972,69.22,5.16
1987/4/11,13:23.9,23.8558,122.2063,7.54,5.49
1987/4/17,10:54.0,24.3707,121.9958,23.44,5.05
1987/4/18,49:37.6,23.958,121.8487,28.65,5.34
1987/4/20,17:15.7,21.8867,120.5705,54.71,5.01
1987/4/25,18:09.2,21.8653,121.0948,25.12,6.29
1987/5/4,06:45.5,21.7495,121.9167,13.67,5.37
1987/5/14,30:58.8,22.5385,121.5932,3.86,5
1987/6/7,50:07.6,22.1233,121.0093,6.18,6.09
1987/6/27,38:55.7,24.3235,121.631,0.48,5.13
1987/7/12,18:10.9,22.6688,121.0013,1.93,5.18
1987/7/19,48:40.6,22.3732,120.3283,51.25,5.08
1987/8/3,07:51.3,21.9042,119.9108,79.56,5.26
1987/9/7,09:35.3,21.6243,119.864,71.41,5.26
1987/10/14,37:34.8,21.7142,121.5765,82.11,5.38
1987/12/18,53:40.8,23.3847,120.7827,1.92,5.16
1988/2/12,15:35.2,23.8128,122.4027,7.13,5.43
1988/3/3,21:19.8,23.8192,121.7677,9.76,5.05
1988/4/7,05:07.2,23.9795,121.6277,1.35,5.67
1988/4/7,24:35.4,23.92,121.6763,1.3,5.07
1988/4/11,35:15.9,23.22,121.4298,20.46,5.1
1988/4/24,03:27.3,23.4517,122.0127,18.4,5.41
1988/7/3,20:39.2,25.1577,121.568,5.31,5.06
1988/7/18,49:27.6,22.6183,121.862,4.23,5.32
1988/7/18,46:32.3,22.3385,121.8932,12.27,5.25
1988/7/20,15:34.9,23.9108,121.7258,32.29,5.82
1988/7/21,39:28.4,22.4413,121.7228,21.08,5.24
1988/8/9,51:35.2,24.1197,122.485,29.89,5.44
1988/8/11,41:01.4,22.1512,121.2727,19.6,5.75
1988/9/18,38:25.9,24.4785,122.4015,62.46,5.44
1988/10/16,09:26.8,22.0207,121.8317,0.75,5.97
1988/10/16,14:21.8,22.0418,121.7517,0.25,5.71
1988/10/16,36:59.1,21.9937,121.8335,9.01,5.55
1988/12/9,24:53.0,25.418,122.4638,25.66,5.27
1988/12/9,11:11.7,21.5437,121.3207,50.87,5.16
1988/12/28,36:39.1,21.9447,121.5952,31.33,5.5
1989/1/8,41:40.3,24.076,120.3343,30.91,5.18
1989/1/19,43:49.7,22.4472,121.769,10.93,5.22
1989/3/26,56:21.9,21.7517,121.1345,28.04,5.06
1989/5/15,05:35.5,24.0267,122.3982,7.96,5.42
1989/6/8,46:24.2,23.4572,121.3397,1.05,5
1989/7/4,14:06.8,23.8983,122.462,16.54,5.03
1989/8/3,31:20.3,23.0778,122.0098,5.61,6.44
1989/8/3,36:49.1,23.0682,121.9975,1.31,5.56
1989/8/3,40:18.6,23.1098,121.9575,1.36,5.29
1989/8/3,45:06.4,23.0782,122.0565,0.44,5.56
1989/8/21,12:40.1,23.9628,122.4365,8.12,6.16
1989/9/4,36:49.5,21.8107,119.9358,65.63,5
1990/1/15,42:30.1,24.3597,121.932,20.13,5.23
1990/7/16,12:23.6,24.1992,121.8308,0.81,5.05
1990/7/16,14:51.9,24.184,121.804,1.39,5.15
1990/8/21,00:58.5,22.5978,121.9698,20.7,5.01
1990/9/11,09:04.0,22.8137,120.7998,24.16,5.35
1990/11/11,59:06.4,24.0952,121.7355,34.33,5.36
1990/12/13,28:05.8,23.8102,121.6375,1.71,5.05
1990/12/13,19:01.0,23.7382,121.5572,1.95,5.17
1990/12/13,28:11.2,23.8302,121.6083,1.62,5.03
1990/12/13,50:19.2,23.7655,121.6273,1.26,6
1990/12/13,01:48.4,23.8795,121.5482,2.82,5.6
1990/12/14,55:31.2,23.8438,121.7152,1.04,5.09
1990/12/14,37:39.0,23.5953,121.6822,11.07,5.08
1990/12/15,01:33.3,23.7362,121.5902,1.47,5.05
1990/12/19,20:26.0,23.671,121.5893,5.2,5.23
1990/12/19,08:14.4,23.6622,121.3662,0.04,5.1
1990/12/25,21:54.0,23.7692,121.571,2.04,5.01
1991/1/18,36:27.0,23.6815,121.2655,0.79,5.36
1991/1/18,49:56.5,23.6892,121.2912,0.85,5
1991/1/19,24:11.5,23.6948,121.5805,5.58,5
1991/1/20,54:34.9,23.8632,121.55,24.16,5.05
1991/1/21,02:39.4,23.6395,121.359,2.85,5.1
1991/3/2,56:38.4,24.0437,121.7502,25.83,5
1991/3/2,13:18.7,23.888,121.7407,0.24,5.21
1991/3/7,40:25.3,24.682,122.3898,95.66,5.06
1991/3/12,04:06.1,23.2457,120.0745,12.26,5.67
1991/3/16,32:27.5,24.7925,121.727,90.01,5.34
1991/3/17,37:05.7,23.1787,120.011,9.68,5.16
1991/3/26,58:23.7,21.6742,121.661,12.14,5.3
1991/3/26,19:30.4,21.7025,121.6747,16.6,5.2
1991/4/2,21:41.6,22.759,121.3677,15.6,5.07
1991/6/3,03:10.5,23.8232,121.8733,20.48,5.07
1991/6/24,46:22.4,24.2217,122.2375,8.68,5.12
1991/9/30,44:43.7,22.605,121.4267,18.81,5.89
1991/10/12,08:40.5,22.869,121.4355,23.34,5.33
1991/10/18,52:09.1,23.7773,121.7543,11.52,5.02
1991/10/23,37:22.8,21.983,121.9877,1.13,5.09
1991/11/3,17:20.5,23.4617,121.5973,35.27,5.11
1991/11/25,29:11.3,23.1593,121.6828,33.62,5
1991/12/2,14:15.7,23.1805,121.6972,35.03,5.48
1991/12/5,48:23.1,22.6777,121.3992,22.47,5.24
1991/12/8,23:32.2,23.9053,122.4967,16.97,5.14
1991/12/10,30:16.1,23.909,122.4428,6.12,5.04
1992/2/18,16:14.0,25.0662,119.6062,62.6,5.16
1992/3/21,11:59.3,23.9985,121.609,26.76,5.05
1992/4/19,32:20.8,23.8405,121.5745,8.07,5.55
1992/4/20,16:38.8,24.4508,120.7143,8.8,5.14
1992/4/21,38:17.5,21.901,121.8997,191.06,5.04
1992/4/24,49:13.3,23.8105,121.6097,0.77,5.21
1992/4/29,43:28.7,24.9003,121.9912,121.13,5.04
1992/5/28,19:35.4,23.1322,121.3508,13.68,5.42
1992/6/8,56:40.1,24.7605,122.1623,80.78,5.14
1992/7/7,45:36.3,24.4078,121.7292,27.86,5.14
1992/7/24,26:55.8,24.066,121.851,27.36,5.04
1992/8/6,29:15.1,24.66,122.4568,0.88,5.32
1992/8/14,26:23.6,24.0328,121.6273,26.07,5.18
1992/9/1,41:14.8,23.6997,121.7747,50.96,5.64
1992/9/18,07:00.6,23.9118,122.4197,10.21,5.17
1992/10/3,56:40.6,22.6295,121.412,25.21,5.65
1992/12/28,23:25.3,23.8638,121.8025,15.89,5.28
1993/1/23,59:26.3,24.0807,121.7428,28.5,5.4
1993/2/19,36:00.4,23.7622,121.8078,42.05,5.01
1993/2/24,30:44.9,22.3477,122.269,16.87,5.21
1993/3/5,57:04.7,22.2437,121.0525,11.23,5.46
1993/3/27,45:47.8,24.6757,122.2647,77.3,5.15
1993/6/24,59:57.9,24.5435,121.7693,65.01,5.18
1993/7/4,08:06.8,24.8825,122.1052,118.01,5.69
1993/8/18,40:41.0,24.7133,122.0917,66.34,5.35
1993/11/12,16:33.4,22.0823,121.8418,184.65,5.88
1993/11/22,04:17.9,23.8882,122.4462,5.83,5.06
1993/12/3,01:39.6,24.2845,121.8242,64.69,5.35
1993/12/6,00:17.4,21.8448,120.9948,20.79,5.29
1993/12/15,49:43.1,23.2133,120.5237,12.5,5.7
1994/1/20,50:15.6,24.0648,121.8523,49.45,5.58
1994/1/21,06:20.4,22.2902,121.5508,35,5.61
1994/3/6,37:21.0,24.8175,122.0198,97.5,5.49
1994/3/17,28:00.8,23.9598,122.4157,0.59,5.65
1994/3/28,11:15.7,22.9853,120.6868,14.37,5.41
1994/4/6,12:11.1,23.5325,120.4212,13.44,5.03
1994/4/18,36:41.7,24.8005,122.0288,94.9,5.08
1994/4/30,14:17.1,24.3537,122.0735,3.9,5.04
1994/5/26,31:46.7,23.7427,122.4648,9.78,5
1994/6/5,09:30.1,24.4623,121.8377,5.3,6.5
1994/6/5,59:38.5,24.422,121.8177,1.04,5.02
1994/6/6,57:24.5,24.4308,121.9485,3.45,5.06
1994/6/9,17:10.4,23.3028,121.5463,43.15,5.08
1994/6/17,18:18.2,23.8892,121.5715,21.17,5.01
1994/9/15,07:06.6,23.6215,122.2043,15.76,5.31
1994/9/20,47:59.4,23.1423,120.9823,11.09,5.01
1994/10/5,13:24.5,23.1563,121.7203,31.28,5.83
1994/10/9,41:55.5,24.2417,122.1842,9.42,5.12
1994/10/9,36:09.6,24.9595,122.0523,106.5,5.1
1994/10/12,08:22.2,24.8097,122.019,73.68,5.67
1994/10/14,16:33.6,22.5178,121.5725,124.45,5.65
1994/10/28,51:10.5,24.6355,122.2695,2,5.66
1994/11/14,25:24.2,23.9582,122.4278,11.89,5.08
1994/11/26,17:35.6,24.637,122.2248,3.77,5.54
1995/1/10,55:19.6,23.6802,121.432,3.81,5.12
1995/2/10,21:59.7,23.7608,121.9197,24.61,5.15
1995/2/23,19:02.8,24.2037,121.687,21.69,5.77
1995/3/24,13:51.1,24.638,121.8607,76,5.64
1995/4/1,12:22.5,24.9302,122.1207,122.24,5.3
1995/4/3,54:40.1,23.9355,122.4317,14.55,5.88
1995/4/3,33:24.3,23.9472,122.32,3.94,5.35
1995/4/9,44:51.5,21.8272,121.0303,15.7,5.33
1995/4/10,51:13.4,21.8322,121.0233,29.81,5.04
1995/4/24,04:01.0,24.6517,121.6222,63.07,5.28
1995/4/25,29:03.0,22.6463,120.5078,43.67,5.49
1995/5/2,48:20.5,23.8332,121.973,23.93,5.24
1995/5/15,58:38.8,24.738,122.363,79.44,5.37
1995/5/27,11:11.1,23.0082,121.4647,19.73,5.26
1995/6/6,21:23.0,23.0143,121.4568,23.65,5.06
1995/6/25,59:07.1,24.6062,121.6685,39.88,6.5
1995/6/28,14:53.7,22.2257,121.347,6.55,5.29
1995/7/7,04:48.4,23.8935,121.09,13.07,5.3
1995/7/14,52:46.5,24.3203,121.851,8.79,5.8
1995/8/15,53:56.7,23.9788,122.4252,9.67,5.04
1995/10/31,27:06.9,23.2908,120.3588,10.65,5.19
1995/12/1,17:04.6,24.606,121.6427,45.07,5.72
1995/12/8,14:40.7,24.2682,122.3545,50,5.25
1995/12/18,17:54.5,24.0183,121.692,22.06,5.8
1995/12/20,56:36.9,24.0493,121.7125,33.74,5.06
1996/1/22,22:57.5,24.9283,121.7237,66.86,5.11
1996/3/5,52:27.1,23.9302,122.3615,6,6.4
1996/3/5,32:08.6,23.8985,122.303,10.81,5.96
1996/3/19,25:02.7,23.9073,122.308,1.63,5.04
1996/3/19,33:26.6,23.9173,122.2532,5.21,5.03
1996/3/28,53:19.2,24.019,122.2895,7.74,5.35
1996/3/29,28:53.5,23.9718,122.3305,5.79,5.64
1996/5/28,53:22.4,24.0535,121.5828,24.95,5.05
1996/7/6,27:05.5,22.667,120.515,26.95,5.19
1996/7/17,26:56.6,23.8957,122.4792,18.01,5.05
1996/7/29,20:53.5,24.4888,122.347,65.68,6.14
1996/9/5,42:07.9,22.0012,121.3667,14.76,7.07
1996/9/6,26:04.2,21.8398,121.3767,19.98,5.27
1996/9/6,04:56.4,21.929,121.3657,7.03,5.5
1996/9/6,24:37.5,21.6613,121.3608,9.2,5.03
1996/9/6,34:32.7,21.6897,121.3228,19.9,5.59
1996/11/14,39:11.2,23.418,122.0855,12.8,5.26
1996/11/26,22:23.7,24.1643,121.6953,26.18,5.35
1996/12/18,20:23.2,22.8212,121.3577,16.22,5.03
1996/12/25,52:16.6,24.1615,122.3385,19.64,5.24
1997/1/16,07:20.4,22.0118,121.304,8.94,5.37
1997/1/18,13:47.8,23.9317,122.4405,15.14,5.39
1997/3/10,33:37.2,24.083,122.343,8.52,5.08
1997/4/13,45:14.0,23.8053,121.7143,45.49,5.56
1997/4/27,59:32.6,24.6123,121.9622,60.64,5.15
1997/5/3,46:13.7,22.5367,121.4025,3.64,5.27
1997/6/18,03:30.6,23.9593,121.83,31.72,5.22
1997/6/22,36:04.1,22.1662,121.38,1.83,5.4
1997/7/4,37:30.5,23.0568,120.7902,5.16,5.18
1997/7/8,26:27.3,23.9247,122.4313,2.01,5.1
1997/8/24,17:39.9,21.636,120.2045,41.53,5.25
1997/8/24,58:36.5,21.6295,120.2722,45.62,5.35
1997/9/28,54:26.2,24.6092,121.783,68.63,5.01
1997/10/22,16:26.6,22.4445,121.4627,10.18,5.3
1997/11/12,09:35.9,21.754,121.399,70.29,5.26
1997/11/14,29:50.8,24.1602,121.7583,3.13,5.4
1998/1/14,54:45.0,21.7832,121.885,5.37,5.26
1998/1/14,57:13.6,21.8292,121.8152,5,5.18
1998/1/18,56:51.7,22.725,121.089,3.28,5.07
1998/1/20,29:38.9,22.6863,121.0798,3.82,5.07
1998/3/11,00:08.1,22.3562,122.3018,25.25,5.22
1998/3/11,21:54.9,22.4448,122.2588,4.1,5.34
1998/5/9,53:39.0,24.8233,121.907,83.61,5.38
1998/5/30,22:38.3,24.2687,122.129,37.76,5.34
1998/7/17,51:15.0,23.5027,120.6625,2.8,6.2
1998/7/24,44:03.0,21.6323,121.8397,6.67,5.93
1998/10/9,52:51.5,22.1202,121.6467,10,5.39
1998/11/3,06:37.5,22.1483,121.1452,24.7,5.39
1998/11/17,27:32.5,22.8322,120.7903,16.49,5.51
1998/11/19,30:02.2,23.7887,121.7715,42.27,5
1998/12/14,59:03.3,24.2915,122.1558,38.7,5.17
1999/2/13,47:57.4,23.8935,122.4732,4.27,5
1999/2/20,53:45.7,21.8337,121.905,205.45,5.61
1999/4/4,59:02.6,24.8835,121.936,88.95,5.82
1999/5/7,03:24.4,24.7388,121.8922,4.17,5.44
1999/5/18,43:22.1,22.166,121.3965,84.34,5.51
1999/6/3,11:42.9,24.4037,122.4868,61.67,6.18
1999/6/10,17:59.3,23.7252,121.7273,17.23,5.21
1999/6/25,47:23.5,25.4625,122.4815,288.91,5.57
1999/7/7,53:13.4,23.3188,120.735,13.78,5.1
1999/7/11,25:10.6,24.605,121.8432,73.17,5.07
1999/7/17,46:00.8,25.4163,122.39,281.53,5.33
1999/9/10,18:20.8,22.4395,121.825,5.19,5.41
1999/9/20,47:15.8,23.8525,120.8155,8,7.3
1999/9/20,49:40.1,23.9772,120.8298,19.74,6.07
1999/9/20,51:35.4,24.0925,121.0398,6.16,5.97
1999/9/20,55:23.1,24.2362,121.3347,10.63,5.3
1999/9/20,57:15.6,23.9117,121.0443,7.68,6.44
1999/9/20,58:55.1,23.907,121.0627,6.97,5.71
1999/9/20,59:28.8,24.2888,120.9108,24.74,5.48
1999/9/20,02:19.8,24.2335,121.1332,7.1,5.41
1999/9/20,03:41.6,23.7968,120.8608,9.75,6.6
1999/9/20,05:54.0,23.9515,120.7665,13.04,5.24
1999/9/20,11:27.9,23.9503,121.0015,17.78,5.13
1999/9/20,11:54.2,23.8648,121.0672,12.49,6.7
1999/9/20,15:42.6,23.7203,120.9653,9.45,5.29
1999/9/20,16:18.0,23.8615,121.0408,12.53,6.66
1999/9/20,21:28.7,23.9632,121.0957,25.63,5.22
1999/9/20,26:10.9,23.8573,120.9077,12.58,5.2
1999/9/20,28:02.5,23.837,121.0325,9.04,5.2
1999/9/20,32:55.2,23.8165,121.0245,12.36,5.07
1999/9/20,28:43.4,23.9033,120.9737,8.51,5.06
1999/9/20,40:32.7,23.5422,120.9162,8.99,5.28
1999/9/20,43:02.5,23.9228,121.1163,7,5.07
1999/9/20,57:52.8,24.0173,120.8535,10.4,5.19
1999/9/20,02:16.3,23.9718,120.7842,5.25,5.35
1999/9/20,21:59.7,24.096,121.0245,6.67,5.22
1999/9/20,40:03.8,23.9622,121.3415,5.15,5.12
1999/9/20,43:48.8,23.7615,121.3303,8.77,5.21
1999/9/20,15:25.1,23.7682,121.3425,9.87,5.1
1999/9/20,24:34.7,23.966,121.0442,10.41,5.11
1999/9/20,41:22.9,23.6095,120.579,13.72,5.15
1999/9/20,46:38.1,23.5847,120.857,8.57,6.59
1999/9/20,54:47.4,23.6198,120.82,4.83,5.33
1999/9/20,22:46.5,23.5592,120.866,9.42,5.15
1999/9/20,18:13.2,23.449,120.9052,9.57,5.1
1999/9/21,45:40.9,23.8728,120.9867,9.07,5.12
1999/9/21,31:49.1,23.9932,121.018,7.6,5.18
1999/9/21,06:02.6,23.8325,121.3857,12.86,5.24
1999/9/21,07:42.2,23.6663,120.8398,8.37,5.11
1999/9/21,28:10.4,23.606,120.8423,8.38,5.15
1999/9/21,38:35.6,23.8373,121.3115,17.67,5.21
1999/9/21,18:37.6,24.196,121.0193,10,5.23
1999/9/21,17:01.5,23.9292,121.384,11.67,5.19
1999/9/22,14:40.8,23.8263,121.0467,15.59,6.8
1999/9/22,49:43.4,23.7647,121.0313,17.38,6.2
1999/9/22,51:10.7,23.74,121.0312,19.26,5.04
1999/9/22,17:21.0,23.7393,120.9812,24.02,6
1999/9/23,46:04.0,24.252,121.1965,16.98,5.33
1999/9/23,46:18.4,24.2833,121.1303,11.69,5.44
1999/9/23,42:49.6,23.9755,121.0088,15.53,5.07
1999/9/23,44:34.4,23.9258,121.0857,18.35,5.63
1999/9/23,39:01.3,23.9407,121.388,11.77,5.16
1999/9/24,38:25.9,24.1733,121.0042,4.07,5.11
1999/9/25,19:13.3,24.2537,121.2367,3.62,5.12
1999/9/25,43:31.1,23.692,120.9537,7.12,5.09
1999/9/25,51:52.3,23.1302,121.0035,7.29,5.04
1999/9/25,52:49.6,23.8542,121.0023,12.06,6.8
1999/9/27,03:22.4,24.253,121.2172,0.86,5.29
1999/9/27,11:46.1,24.2793,121.1962,6.16,5.18
1999/9/27,00:40.7,24.1592,121.2515,4.48,5.16
1999/9/27,28:19.7,24.1503,121.2558,4.28,5.23
1999/9/27,55:07.1,23.7075,121.3503,10.69,5.24
1999/9/28,53:49.6,23.9798,120.6708,10.88,5.08
1999/9/30,04:03.9,24.2453,121.0928,7.62,5.14
1999/9/30,49:45.3,24.7015,121.9977,70.55,5.53
1999/10/1,54:10.3,23.694,120.9055,5.21,5.12
1999/10/4,26:15.4,23.7875,120.9322,8.31,5.05
1999/10/5,18:17.4,23.8448,121.0018,9.92,5.01
1999/10/13,39:46.9,23.9552,121.3385,1.92,5.04
1999/10/18,31:26.9,23.9492,121.3272,4.31,5.05
1999/10/18,00:45.9,23.7048,121.035,23.77,5.15
1999/10/22,18:56.9,23.517,120.4225,16.59,6.4
1999/10/22,10:17.5,23.533,120.4307,16.74,6
1999/10/23,08:03.0,23.5048,120.4605,12.41,5.08
1999/10/30,27:49.5,24.0172,121.3187,14.36,5.15
1999/11/1,53:02.3,23.3618,121.7258,31.33,6.9
1999/11/15,25:22.0,23.4972,120.5065,7.03,5.06
1999/11/17,35:09.9,24.0193,120.6425,9.55,5.29
1999/11/28,25:50.2,23.3323,120.9307,2.47,5.06
2000/1/3,20:08.1,22.8798,121.9985,14.04,5.48
2000/2/15,33:18.1,23.316,120.7403,14.71,5.59
2000/3/9,08:44.5,23.2217,121.4928,33.78,5.06
2000/3/16,37:53.5,22.7343,121.6218,24.37,5.02
2000/3/16,10:55.2,23.3088,120.751,11.47,5.02
2000/4/19,04:18.9,24.2753,121.0318,12.78,5.15
2000/5/6,41:52.8,24.0235,121.5603,26.97,5.07
2000/5/7,18:08.9,22.5227,120.3583,39.83,5.03
2000/5/17,25:46.6,24.193,121.0975,9.74,5.59
2000/5/18,18:56.7,24.198,121.0377,12.67,5.1
2000/6/10,23:29.5,23.901,121.1092,16.21,6.7
2000/6/19,56:24.8,23.9203,121.0922,27.02,5.18
2000/6/28,35:01.7,24.6182,122.4085,90.79,5.34
2000/7/13,01:10.3,23.9397,121.8268,5.34,5.08
2000/7/14,07:32.5,24.0483,121.7283,7.19,5.7
2000/7/14,04:34.6,23.947,121.8032,5.95,5.12
2000/7/17,50:39.4,24.0665,121.7898,10.26,5.11
2000/7/24,10:36.4,24.7112,122.479,110.05,5.74
2000/7/28,28:07.7,23.411,120.9327,7.35,6.1
2000/8/2,34:32.0,23.8495,121.0182,10.75,5.02
2000/8/23,49:16.6,23.636,121.6347,27.48,5.57
2000/9/10,54:46.5,24.0853,121.5838,17.74,6.2
2000/9/16,04:12.0,23.917,122.4955,15.1,5.3
2000/11/29,00:33.0,23.8573,121.7682,15.27,5.17
2000/12/10,08:38.6,23.1055,120.2082,15.65,5.04
2000/12/10,30:44.5,23.116,120.2263,12.02,5.35
2000/12/28,01:26.3,23.4422,122.0443,9.23,5.28
2000/12/29,03:28.6,24.3607,121.884,6.96,5.26
2001/1/22,27:18.3,24.3187,122.1337,13.1,5.16
2001/3/1,37:50.2,23.8377,120.9972,10.93,5.8
2001/6/14,35:25.8,24.4188,121.928,17.29,6.3
2001/6/19,16:15.5,23.1767,121.077,6.58,5.41
2001/6/19,43:39.2,23.1968,121.0975,11.7,5.22
2001/7/9,20:47.6,24.011,121.7685,43.39,5.13
2001/9/17,44:44.8,23.2763,120.6542,6.83,5.01
2001/10/26,42:39.8,23.7103,122.0215,21.95,5.05
2001/11/24,46:24.0,25.3897,122.2913,274.27,5.54
2001/12/16,04:56.0,24.5153,122.3828,68.69,5.05
2002/1/8,00:39.3,24.3788,120.9003,0.95,5.02
2002/1/14,34:16.6,24.4938,122.387,38.81,5.01
2002/2/12,27:25.0,23.7407,121.7227,29.98,6.2
2002/3/31,52:49.9,24.1398,122.1915,13.81,6.8
2002/4/3,47:36.0,24.1397,122.3242,13.37,5.1
2002/4/3,06:10.8,24.3222,121.8682,12.87,5.27
2002/4/20,48:00.0,22.8258,121.6303,19.85,5.05
2002/5/10,17:12.9,22.3398,121.3647,23.17,5.34
2002/5/15,46:05.9,24.651,121.8718,8.52,6.2
2002/5/28,45:15.0,23.913,122.3968,15.23,6.2
2002/5/30,53:40.1,24.8732,121.9495,86.99,5.55
2002/6/13,40:27.8,24.7752,122.1325,8.14,5.03
2002/6/14,22:23.3,23.5067,121.6532,27.76,5.13
2002/7/11,36:22.6,23.9353,122.4147,14.22,5.79
2002/7/17,14:41.9,23.3258,122.149,22.05,5.12
2002/7/18,52:31.5,21.9043,120.0822,42.26,5.13
2002/8/28,05:34.1,22.2608,121.372,12.03,6.03
2002/8/29,05:53.0,24.8037,121.8083,82.93,5.19
2002/9/1,56:21.0,23.9248,122.43,8.81,5.46
2002/9/1,07:35.5,23.9687,122.3737,15.56,5.48
2002/9/6,02:02.0,23.8897,120.7287,28.82,5.3
2002/9/7,59:32.9,24.4477,121.6887,41.36,5.26
2002/9/10,38:14.9,24.8673,122.0112,103.54,5.38
2002/9/16,03:30.7,25.1015,122.3875,175.67,6.8
2002/9/24,43:22.9,22.669,121.0757,9.73,5.22
2002/9/30,35:13.5,23.328,120.6142,8.12,5.04
2002/11/10,07:05.0,24.8893,121.8427,110.27,5.42
2002/12/21,09:14.5,21.5343,121.3675,12.29,5.01
2002/12/25,01:30.1,24.4645,121.828,55.79,5.24
2003/6/9,52:50.6,24.3703,122.0233,23.22,5.72
2003/6/9,08:04.7,24.3802,121.8513,2.36,5.03
2003/6/10,40:32.0,23.5037,121.6992,32.31,6.48
2003/6/16,33:38.9,23.5425,121.6538,28.26,5.38
2003/7/4,48:02.8,21.8485,121.3333,70.21,5.15
2003/7/18,41:20.3,24.585,121.8368,74.39,5.06
2003/7/25,10:30.5,24.6945,122.4245,98.65,5.31
2003/7/30,36:31.3,23.924,122.463,12.34,5.15
2003/8/3,35:23.9,24.2125,121.652,57.67,5.29
2003/8/4,53:24.4,21.9732,120.446,43.71,5.18
2003/8/6,23:08.5,23.9763,121.5748,10.29,5.06
2003/8/11,30:13.8,24.5925,121.5595,58.49,5.38
2003/9/10,55:06.1,22.709,121.3993,85.36,5.76
2003/11/12,02:35.9,24.4533,121.953,21.29,5.39
2003/12/6,34:57.7,23.0748,121.3607,37.82,5.14
2003/12/10,38:13.5,23.0667,121.3982,17.73,6.42
2003/12/10,39:36.6,23.028,121.3918,21.12,5.41
2003/12/10,20:25.1,23.0747,121.2208,3.39,5.22
2003/12/10,46:45.6,22.8702,121.3628,26.35,5.18
2003/12/11,01:50.6,22.7917,121.3917,33.58,5.39
2003/12/16,56:59.4,23.1165,121.3412,20.27,5.02
2003/12/17,27:25.3,22.6058,121.311,32.2,5.43
2003/12/18,33:28.2,22.8422,121.0817,12.5,5.03
2003/12/29,41:50.8,24.5958,121.9643,68.19,5.21
2004/1/1,15:18.1,23.3355,121.7118,24.88,5.35
2004/1/28,13:24.7,22.992,120.9523,6.69,5.15
2004/2/4,23:59.4,23.3807,122.1497,17.36,5.64
2004/5/1,56:11.1,24.0758,121.5282,21.55,5.25
2004/5/8,02:47.0,21.9258,121.6392,6.61,5.59
2004/5/9,06:47.6,24.5692,121.7663,69.16,5.49
2004/5/15,07:50.5,24.86,121.9002,91.59,5.12
2004/5/16,04:08.7,23.0508,121.9795,12.85,5.72
2004/5/19,04:12.9,22.7135,121.3698,27.08,6.03
2004/6/2,56:29.8,23.6373,121.2897,14.65,5.17
2004/7/6,32:02.8,24.8972,122.2657,5.96,5.22
2004/11/10,48:02.8,23.9692,122.417,14.87,5.15
2004/11/11,16:44.5,24.3117,122.158,27.26,6.09
2004/12/16,10:00.3,23.9528,122.4093,8.56,5.13
2005/1/20,47:16.0,23.5052,120.8257,19.16,5.04
2005/2/1,59:47.8,24.2558,121.7795,5.74,5.14
2005/2/18,18:18.8,23.3405,121.6737,15.28,5.6
2005/3/5,06:51.7,24.6547,121.8408,6.39,5.9
2005/3/5,08:00.1,24.6532,121.7977,6.95,5.96
2005/3/19,26:26.3,24.204,122.2508,19.54,5.15
2005/4/30,48:17.2,24.0352,121.6245,8.45,5.62
2005/5/17,06:33.0,24.8967,121.957,118.71,5.07
2005/5/29,17:21.7,23.1747,121.657,32.39,5.1
2005/6/1,20:05.7,24.6367,122.0663,64.78,6
2005/6/7,45:05.0,23.9933,121.7383,2.09,5.16
2005/6/10,32:46.9,24.0157,121.7542,1.52,5.04
2005/6/18,31:05.6,23.9547,121.5332,2.18,5
2005/7/16,00:51.4,23.2892,122.101,29.28,5.02
2005/7/20,06:03.5,24.7507,122.2548,7.6,5.22
2005/7/26,37:04.2,24.164,121.6027,56.65,5.21
2005/9/6,16:00.4,23.9582,122.2835,16.76,6
2005/9/23,49:50.9,23.0612,121.2835,11.4,5.02
2005/9/26,50:20.3,23.2322,121.401,21.34,5.29
2005/10/1,51:37.0,23.9208,122.4327,3.31,5.1
2005/11/16,14:45.3,21.8967,121.7745,133.2,5.46
2005/11/16,39:01.4,23.9345,122.4958,20.87,5.08
2005/11/29,41:49.8,24.753,122.0337,68.04,5.51
2006/1/8,01:38.0,23.2087,121.3995,21.65,5.1
2006/1/26,10:59.2,25.3185,122.2863,255.6,5.35
2006/2/24,55:50.2,24.7783,122.2277,12.56,5.17
2006/3/9,07:28.8,23.6445,120.5582,9.93,5.09
2006/4/1,02:19.5,22.8835,121.0807,7.2,6.23
2006/4/15,40:55.4,22.8555,121.3035,17.9,6.04
2006/4/28,05:27.0,23.9853,121.6107,9.78,5.21
2006/5/7,53:02.1,21.5877,120.7302,42.46,5.23
2006/8/11,51:06.1,22.5417,121.4015,25.4,5.39
2006/11/16,50:19.7,23.1113,122.1223,23.31,5.01
2006/12/23,28:27.2,24.8068,122.3193,9.77,5.37
2006/12/26,26:21.0,21.6873,120.5553,44.11,6.96
2006/12/26,34:15.1,21.9698,120.4197,50.22,6.99
2006/12/26,40:25.6,21.8967,120.4687,38.49,5.05
2006/12/26,41:44.7,22.0725,120.2987,41.18,5.54
2006/12/26,35:13.0,21.8238,120.467,44.55,5.03
2006/12/27,30:39.8,22.0503,120.3887,49.49,5.8
2007/1/16,10:35.2,23.924,122.499,20.94,5.41
2007/1/25,59:15.5,22.6305,122.0267,25.81,6.24
2007/2/18,04:59.6,21.7933,120.4015,44.25,5.09
2007/3/7,57:17.5,24.0267,122.4262,20.16,5
2007/4/21,32:26.9,21.6668,122.21,4.06,5.31
2007/7/23,40:02.4,23.7162,121.6357,38.63,5.77
2007/8/9,55:47.4,22.6495,121.0845,5.51,5.68
2007/8/29,00:16.5,21.9495,121.3212,6.84,5.33
2007/9/6,51:26.9,24.278,122.2542,54.01,6.63
2007/9/6,55:22.0,24.2707,122.319,57.79,5.52
2007/10/7,39:15.8,24.5983,122.4768,98.81,5.05
2007/10/11,05:01.7,24.7487,121.8503,79.98,5.23
2007/10/17,40:00.0,23.5005,121.6123,42.06,5.41
2007/11/28,05:13.7,24.7812,121.9758,69.11,5.39
2007/12/5,41:42.5,23.0747,121.1868,11.33,5.12
2008/2/17,33:02.3,23.3065,121.4613,28.3,5.43
2008/3/4,31:47.5,23.2067,120.6957,11.32,5.22
2008/4/14,39:44.4,22.8342,121.3333,27.19,5.11
2008/4/23,28:41.9,22.8723,121.679,11.06,5.64
2008/4/23,04:15.5,22.8337,121.6878,13.29,5.21
2008/5/13,27:55.3,22.7658,121.041,6.97,5.04
2008/6/1,59:23.7,24.8608,121.7903,92.31,5.83
2008/8/1,55:49.3,24.0478,121.5255,21.09,5.08
2008/8/8,05:14.8,21.5975,121.3995,75.98,5.72
2008/12/2,16:54.2,23.338,121.4857,31.67,5.68
2008/12/7,18:37.2,23.852,122.1965,35.05,5.88
2008/12/23,04:43.8,22.9457,120.551,17.09,5.32
2008/12/30,31:27.9,24.6973,122.3427,95.44,5.07
2009/1/2,39:51.6,21.6488,119.9132,65.09,5.07
2009/1/3,04:35.0,24.1535,121.7332,7.46,5.1
2009/4/17,37:48.9,23.917,121.6815,43.43,5.33
2009/5/26,27:35.1,21.7378,119.5555,55.11,5.72
2009/6/20,44:29.4,24.0443,122.443,48.58,5.41
2009/6/24,09:53.8,24.0275,122.2858,21.85,5.04
2009/6/28,34:56.2,24.1823,121.7533,12.88,5.26
2009/7/13,05:02.6,24.0228,122.2193,18.08,6
2009/7/13,28:53.0,24.0828,122.1868,16.93,5.16
2009/7/16,48:13.8,24.0175,122.2913,21.37,5.4
2009/7/16,42:47.7,23.9988,122.2915,20.76,5.09
2009/7/26,00:12.4,23.6853,120.9567,14.29,5.35
2009/7/26,10:59.8,23.4292,121.3178,12.52,5.38
2009/7/29,53:06.1,22.0537,120.4825,41.33,5.75
2009/8/21,57:44.7,22.364,120.464,24.27,5.07
2009/9/12,05:25.0,23.966,122.4905,25.13,5.08
2009/10/3,36:06.3,23.6475,121.579,29.15,6.09
2009/10/22,05:05.1,22.685,121.4883,104.03,5.14
2009/11/5,32:57.7,23.789,120.7187,24.08,6.15
2009/11/5,34:21.3,23.7688,120.7552,23.95,5.74
2009/11/15,47:49.1,24.946,122.1742,125.39,5.52
2009/11/21,27:51.3,24.2223,121.7623,66.89,5
2009/12/19,02:16.3,23.788,121.6633,43.78,6.92
2010/1/4,27:37.4,24.1842,121.8328,46.05,5.46
2010/1/19,09:26.8,23.8215,121.6758,41.01,5.61
2010/2/12,42:38.6,23.8972,121.0772,18.39,5.23
2010/3/4,18:52.1,22.9692,120.7067,22.64,6.42
2010/3/4,07:14.4,22.8007,122.062,35.44,5.13
2010/3/4,16:16.3,22.9578,120.6345,19.02,5.72
2010/3/26,07:54.3,24.0977,121.681,58.85,5.23
2010/4/9,49:53.6,24.8702,122.0033,103.84,5.11
2010/4/11,57:30.5,23.2673,122.0995,30.3,5.4
2010/4/23,49:48.4,24.6045,122.3298,85.03,5.02
2010/6/15,31:18.0,24.0428,121.6212,16.73,5.53
2010/6/26,05:51.8,24.6502,121.561,67.96,5.11
2010/7/2,11:32.4,22.855,120.6817,17.8,5.14
2010/7/8,43:37.5,24.3472,122.0365,19.27,5.25
2010/7/17,04:17.2,23.452,121.7375,39.97,5.22
2010/7/18,03:24.7,24.0003,122.4433,24.33,5.2
2010/7/25,52:10.2,22.8388,120.6935,19.6,5.65
2010/8/21,38:00.0,23.5845,121.5887,40.15,5.32
2010/8/30,45:09.3,24.953,122.206,15.02,5.16
2010/9/20,17:08.0,23.6793,121.6182,36.23,5.08
2010/9/28,33:53.2,24.1257,121.6965,9.01,5.02
2010/10/2,23:12.4,24.3585,121.7992,19.38,5.09
2010/11/8,01:21.0,23.2053,120.4137,17.46,5.16
2010/11/12,08:49.6,24.1033,122.4808,26.12,5.3
2010/11/12,39:00.6,22.1872,120.6145,37.99,5.34
2010/11/21,31:45.6,23.8525,121.6857,46.87,6.14
2010/12/6,14:12.4,23.6777,121.426,24.84,5.16
2010/12/7,46:14.9,22.964,121.3693,40.51,5.05
2011/2/1,16:31.5,24.2087,121.8047,18.34,5.46
2011/3/20,00:51.2,22.442,121.3805,27.46,5.77
2011/4/30,35:38.3,24.6503,121.8085,75.02,5.81
2011/5/3,52:34.4,23.9345,121.7053,41.15,5.22
2011/6/2,07:52.3,22.2622,121.342,22.23,5.22
2011/6/10,25:22.1,23.5893,121.5855,34.87,5.07
2011/6/26,19:14.1,23.845,120.9972,14.78,5.01
2011/7/12,17:11.0,23.5122,121.5243,31.23,5.28
2011/7/18,48:54.9,23.5868,122.3658,29.84,5.09
2011/9/21,18:33.4,24.0865,121.6728,17.18,5.13
2012/1/29,07:39.0,25.2878,122.3932,267.76,5.54
2012/2/26,35:00.4,22.7523,120.7547,26.31,6.35
2012/3/21,44:38.3,23.2512,121.5855,42.5,5.03
2012/4/8,43:31.5,24.0408,122.3583,29.18,5.66
2012/4/19,58:08.6,24.1345,121.6692,29.09,5.46
2012/4/27,48:35.8,23.7938,121.734,44.26,5.01
2012/6/4,38:29.4,24.2233,122.185,49.92,5.06
2012/6/5,56:30.1,24.2177,122.235,28.59,5.07
2012/6/6,08:34.7,22.4387,121.4198,18.43,5.89
2012/6/9,00:18.2,24.459,122.3068,69.88,6.62
2012/6/9,54:20.5,24.485,122.22,69.55,5.13
2012/6/14,15:13.4,23.7103,121.5445,6.46,5.34
2012/8/14,55:43.3,24.0527,121.5113,21.83,5.18
2012/8/17,20:03.0,23.3753,121.4848,26,5.2
2012/8/31,11:39.6,24.724,120.8778,10.01,5.04
2012/9/4,00:18.3,22.2197,121.0337,9.91,5.22
2012/10/20,49:39.4,24.418,122.45,78.81,5.26
2012/10/25,31:17.6,22.4283,120.3675,40.73,5.44
2012/11/20,09:01.7,22.4668,121.3558,26.86,5.4
2012/12/2,45:36.9,23.9817,121.5777,11.79,5.02
2012/12/30,03:25.8,23.4663,120.9072,4.41,5.28
2013/1/17,30:41.9,24.439,121.9785,13.65,5.08
2013/2/2,39:52.4,23.7472,121.9782,35.04,5.6
2013/3/7,36:45.7,24.3008,121.4573,5.55,5.87
2013/3/12,03:44.8,24.3612,121.7842,51.88,5.04
2013/3/27,03:19.6,23.9022,121.0527,19.43,6.24
2013/3/27,04:05.9,23.9202,121.0522,19.36,5
2013/4/20,36:29.7,24.7793,122.4375,118.93,5.04
2013/4/21,07:51.8,24.4142,122.3353,70.6,5.01
2013/6/1,32:23.5,22.0427,121.2678,31.53,5.01
2013/6/2,43:03.2,23.8615,120.9742,14.54,6.48
2013/6/28,51:50.3,24.0262,122.2393,19.82,5.72
2013/7/16,11:35.0,24.2772,121.4973,4.92,5.45
2013/7/24,32:15.0,23.9058,121.5292,10.59,5.03
2013/10/29,17:41.3,25.3065,122.4197,237.53,5.25
2013/10/31,02:09.5,23.5662,121.3485,14.98,6.42
2013/10/31,47:28.4,23.6313,121.4255,10.08,5.07
2013/11/15,39:18.1,23.9502,122.446,26.09,5.21
2014/1/14,38:13.0,22.8935,121.0812,8.29,5.05
2014/1/14,50:05.5,22.8822,121.0808,8.43,5.09
2014/2/21,25:17.0,24.699,121.6012,60.9,5.6
2014/3/15,04:36.8,22.2337,121.3858,19.72,5.09
2014/3/17,12:56.6,24.0157,122.4175,29.46,5.43
2014/3/19,19:26.1,24.0057,122.3205,23.03,5.81
2014/5/4,43:36.0,23.9355,121.6453,35.98,5.23
2014/5/21,21:14.0,23.735,121.4325,16.45,5.99
2014/5/25,41:13.2,23.0638,121.1623,12.74,5.04
2014/7/7,06:05.8,23.286,122.4618,38.75,5.17
2014/7/17,11:54.1,22.2667,121.35,19.08,5.27
2014/8/6,46:07.5,22.196,121.4288,84.18,5.05
2014/9/25,35:03.0,22.7915,121.2677,18,5.34
2014/10/7,08:10.3,23.6385,121.5798,33.39,5.15
2014/10/26,47:02.0,24.7252,122.1827,85.96,5.04
2014/11/19,46:21.6,24.9035,122.058,13.86,5.18
2014/12/31,06:04.6,24.8245,121.7878,68.85,5.07
2015/1/5,53:46.5,24.691,122.0187,73.83,5.07
2015/1/7,48:32.8,24.2598,121.6915,30.4,5.48
2015/1/19,48:33.7,22.8673,121.5757,117.9,5.04
2015/2/13,06:31.8,22.6582,121.3967,27.78,6.28
2015/2/26,50:03.4,24.6862,122.3048,97.59,5.25
2015/3/23,13:51.6,23.7257,121.6707,38.4,6.19
2015/4/20,42:56.1,24.0223,122.441,30.57,6.38
2015/4/20,49:10.9,24.0527,122.4325,30.67,5.04
2015/4/20,20:47.2,23.66,121.6587,38.34,5.5
2015/5/3,09:07.8,23.9982,122.4422,24.77,5.02
2015/5/26,56:56.2,23.9622,122.466,28.9,5.03
2015/8/13,08:02.3,24.0233,122.391,25.54,5.65
2015/9/1,34:07.5,24.0115,122.3653,26.2,5.01
2015/9/1,24:45.7,23.9148,121.4913,17.09,5.46
2015/9/15,37:35.5,24.2478,121.8198,19.78,5.69
2015/9/16,08:59.8,24.2847,121.8285,20.16,5.61
2015/10/12,14:47.5,22.4463,121.4722,20.52,5.22
2015/10/13,49:04.6,23.4845,121.6475,49.09,5.46
2015/10/19,17:35.3,24.8578,122.0145,14.41,5.32
2015/11/1,09:42.8,22.7322,121.5837,18.81,5.88
2015/11/28,52:23.8,25.1883,122.2613,219.36,5.15
2015/12/3,31:13.9,22.604,121.3862,25.89,5.34
2016/1/11,52:57.5,23.4338,121.5307,33.15,5.25
2016/1/19,13:26.8,22.787,121.3125,29.72,5.8
2016/2/5,58:28.9,22.9418,120.4332,18.1,5.26
2016/2/5,57:26.1,22.922,120.5438,14.64,6.6
2016/2/9,47:00.6,23.8883,121.692,5.69,5.12
2016/2/18,18:32.0,23.0265,120.8762,4.26,5.13
2016/2/18,09:39.0,23.0163,120.8693,5.44,5.27
2016/4/11,45:09.1,24.5512,122.1247,59.81,5.66
2016/4/16,55:46.5,22.4432,121.8015,11.83,5.22
2016/4/27,17:14.4,24.2372,121.784,11.94,5.67
2016/4/27,27:38.6,24.2527,121.749,12.99,5.13
2016/4/27,19:06.2,23.2832,121.2333,15.21,5.52
2016/5/12,17:15.0,24.6918,121.9803,8.86,6.1
2016/5/12,29:55.9,24.6908,122.0173,12.03,5.73
2016/5/13,24:12.0,24.6838,121.9845,9.77,5.24
2016/5/14,32:48.3,24.1732,121.7703,11.6,5.01
2016/5/18,22:45.8,23.2162,121.5735,45.75,5.24
2016/5/21,51:40.9,22.9025,120.61,18.13,5.26
2016/6/20,39:47.5,23.1632,121.5335,39.39,5.07
2016/10/6,52:00.5,22.627,121.3438,23.7,6.15
2016/10/25,45:52.4,22.6543,121.3502,23.69,5.3
2016/11/7,56:26.1,23.0295,121.3433,20.45,5.07
2016/11/11,25:31.3,24.0662,122.43,31.17,5.33
2016/11/24,55:54.3,24.0783,122.4128,27.47,5.53
2016/11/30,04:34.5,22.8317,121.2683,11.84,5.07
2016/12/9,09:48.1,24.712,122.047,63.1,5.24
2016/12/15,14:29.6,22.8465,121.2688,11.39,5.17
2016/12/30,30:51.0,24.8082,122.0793,75.17,5.19
2017/2/10,12:52.6,22.8657,120.1432,16.15,5.71
2017/3/7,10:51.6,24.3087,122.1013,59.92,5.28
2017/4/13,41:11.7,25.167,122.3985,171.26,5.55
2017/5/15,12:54.5,23.2797,121.4328,24.91,5.75
2017/5/24,10:54.4,23.4193,120.5117,12.43,5.13
2017/6/21,25:39.0,24.656,121.9227,62.8,5.09
2017/7/27,08:12.5,21.6223,121.4577,92.24,5.18
2017/8/13,08:35.1,21.9992,121.2797,59.12,5.15
2017/9/20,29:57.0,23.3162,121.7813,28.98,5.85
2017/10/11,45:20.3,24.7783,122.4738,114.26,5.22
2017/10/29,15:44.5,24.1203,122.3072,26.82,5.17
2017/11/3,48:59.6,23.0025,120.9545,6.21,5.15
2017/11/3,34:48.2,23.5528,121.5548,29.98,5.29
2017/11/11,22:53.5,23.6357,120.7082,14.91,5.2
2017/11/22,20:09.4,23.5842,120.7217,15.24,5.66
2017/11/23,55:32.2,23.5898,120.71,16.41,5.03
2017/12/8,44:29.7,24.3565,122.4163,79,5.29
2018/1/17,59:11.0,25.0588,121.7182,140.19,5.53
2018/2/4,13:12.4,24.1505,121.7165,10.34,5.58
2018/2/4,57:42.4,24.1728,121.7058,10.23,5.28
2018/2/4,56:40.6,24.1507,121.7437,10.61,5.89
2018/2/4,12:52.1,24.2055,121.6992,2.99,5.35
2018/2/5,58:41.3,24.1062,121.7352,8.32,5.04
2018/2/6,15:28.7,24.0105,121.7272,5.65,5.46
2018/2/6,07:39.0,24.0402,121.7092,4.17,5.39
2018/2/6,00:13.4,24.1157,121.729,6.69,5.38
2018/2/6,50:41.6,24.1007,121.7297,6.31,6.26
2018/2/6,09:14.9,24.186,121.7195,10.73,5.09
2018/2/7,21:30.4,24.0818,121.777,7.75,5.85
2018/2/7,06:40.5,24.079,121.771,7.18,5.14
2018/2/7,13:05.9,24,121.7295,8.24,5.03
2018/2/7,36:18.5,24.081,121.7382,7.42,5.17
2018/2/8,54:17.1,23.968,121.5807,11.54,5.07
2018/2/19,47:01.3,24.5878,121.6137,52.68,5.53
2018/2/21,10:41.4,23.413,121.5337,35.57,5.66
2018/2/25,28:40.9,24.4313,121.8958,22.11,5.45
2018/3/20,22:56.3,23.2982,120.5407,11.21,5.31
2018/3/29,17:50.3,24.0042,121.0147,11.08,5
2018/4/23,10:33.0,24.0038,122.4313,25.36,5.01
2018/5/1,47:04.9,24.018,122.3617,24.75,5.59
2018/6/15,53:55.2,24.6663,121.8367,63.21,5.33
2018/8/18,15:17.3,24.0147,121.0013,17.99,5.21
2018/11/19,19:01.7,23.9507,122.4677,27.2,5.03
2018/12/9,15:41.3,24.0518,121.517,19.68,5.16
2018/12/12,24:23.8,23.9062,121.5233,12.37,5.09
2018/12/15,21:05.5,23.734,121.9102,32.87,5.8
2019/1/8,16:46.3,23.244,121.5333,34.03,5.49
2019/1/22,19:26.7,22.2278,121.3925,21.48,5.07
2019/1/30,21:35.8,23.7442,122.3928,39.68,5.96
2019/1/30,14:53.8,21.8103,120.5828,46.43,5.19
2019/2/7,52:04.8,23.2605,120.6057,13.71,5.07
2019/2/15,08:07.1,23.7977,121.7483,45.6,5.17
2019/3/8,32:14.5,22.4375,121.3977,24.08,5.36
2019/3/12,19:15.4,25.0177,121.8555,138,5.39
2019/3/13,32:35.0,23.595,121.5887,35.91,5.42
2019/4/1,54:35.6,24.934,122.2407,128.64,5.12
2019/4/3,52:55.4,22.9373,120.8683,4.87,5.95
2019/4/4,56:55.1,22.9827,120.863,3.48,5.51
2019/4/9,13:21.9,23.9835,121.5677,11.65,5.12
2019/4/9,57:52.4,24.1873,121.8787,25.67,5.03
2019/4/18,01:07.1,24.0543,121.5592,20.33,6.32
2019/5/8,48:47.4,24.8217,122.49,122.72,5.1
2019/5/13,55:21.4,24.7522,121.9005,87.98,5.2
2019/6/4,46:19.0,22.8423,121.6117,14.68,5.93
2019/6/29,44:12.7,22.3208,122.3563,46.56,5.84
2019/6/29,20:06.5,25.0473,122.17,147.71,5.13
2019/7/19,13:50.6,21.777,122.0628,28.6,5.16
2019/8/6,19:48.7,23.6725,121.5303,4.57,5.1
2019/8/7,28:03.6,24.4363,121.9097,24.15,6.24
2019/10/7,17:06.6,24.6537,122.36,16.14,5
2019/12/16,25:57.7,24.5418,121.7618,49.73,5.25
2020/2/3,02:56.8,23.5662,121.5282,33.32,5.19
2020/2/13,49:19.4,24.293,122.1232,38.62,5.19
2020/2/15,20:13.9,23.8468,121.5237,8.7,5.1
2020/2/15,05:00.5,23.8482,121.5212,9.05,5.31
2020/2/15,00:06.5,23.8563,121.5107,8.32,5.73
2020/2/25,14:02.1,24.3915,121.4062,5.13,5.3
2020/4/12,36:41.2,24.0567,122.2023,45.44,5.29
2020/5/3,24:40.9,23.2423,121.568,40.25,5.97
2020/5/24,31:30.5,24.359,121.9538,23.78,5.24
2020/6/11,38:26.5,24.4998,122.3857,90.79,5.43
2020/6/13,19:00.0,24.2632,122.435,55.55,6.09
2020/6/26,27:44.9,23.0502,120.8377,5.37,5.05
2020/6/29,52:48.3,24.305,122.3428,64.59,5.32
2020/7/26,52:29.8,24.2552,122.4215,53.59,6.24
2020/9/28,50:54.7,22.383,121.0205,11.5,5.37
2020/9/29,14:17.1,22.3747,121.0203,11.67,5.08
2020/9/30,37:20.3,24.8355,122.1005,105.95,6.02
2020/10/17,03:13.6,23.2762,120.3765,15.8,5.31
2020/11/5,36:12.2,22.5997,121.3718,25.85,5.43
2020/11/6,40:18.3,23.1147,122.1172,37.1,5.66
2020/11/11,33:27.0,21.5993,121.826,33.47,5.33
2020/11/11,35:34.6,21.535,121.7748,47.9,5
2020/11/16,19:12.1,21.9822,121.283,68.24,5.38
2020/11/16,14:24.4,21.5125,121.011,32.44,5.01
2020/11/29,42:14.7,24.202,122.2478,31.77,5.23
2020/12/10,15:08.6,24.5285,121.972,62.74,5.75
2020/12/10,19:58.7,24.7395,122.0035,75.71,6.64
2020/12/10,29:38.6,23.4532,121.5533,38.02,5.43
2021/1/9,35:53.0,24.733,122.0175,72,5.84
2021/1/16,10:59.3,22.5413,121.3513,21.1,5.51
2021/1/25,39:23.8,24.8253,122.1935,100.4,5.04
2021/1/28,29:31.8,22.541,120.9815,9.12,5.16
2021/2/8,56:31.4,24.3552,122.3582,70.04,5.58
2021/2/8,58:02.9,24.3743,122.0247,24.67,5.67
2021/2/17,38:48.7,22.2397,121.3843,21.68,5.25
2021/2/22,50:49.8,22.6213,121.5595,107.89,5.31
2021/3/2,23:00.8,21.9077,121.158,27.63,5.89
2021/3/4,24:57.9,24.7725,122.2623,9.04,5.07
2021/4/18,14:37.8,23.8592,121.48,14.42,6.26
2021/4/18,11:39.6,23.8712,121.4847,16.3,5.8
2021/5/25,48:00.5,23.9385,121.4888,20.19,5.01
2021/6/11,12:48.9,23.9028,121.5247,11.32,5.12
2021/6/11,33:26.3,23.8903,121.53,10.62,5.46
2021/6/11,58:58.6,22.6543,121.0592,5.93,5.33
2021/6/20,50:13.5,23.7933,121.4727,10.77,5.03
2021/7/7,11:55.6,23.8923,121.5672,8.24,5.51
2021/7/7,24:58.5,23.8928,121.5702,6.79,5.46
2021/7/13,45:27.2,23.9342,121.632,5.37,5.12
2021/7/13,59:24.5,23.9263,121.6328,7.05,5.08
2021/7/13,52:05.3,23.935,121.5997,8.66,5.43
2021/8/4,56:27.2,24.7788,122.2772,16.48,5.35
2021/8/4,50:45.4,24.7963,122.3165,6.97,6.08
2021/8/6,11:04.7,24.7907,122.1895,13.28,5.68
2021/8/6,12:30.5,23.1585,121.2915,7.2,5.4
2021/9/6,00:26.1,23.85,122.0765,41.09,5.94
2021/9/13,41:27.7,24.1233,121.0128,46.1,5.61
2021/9/19,46:03.7,24.731,122.3192,98.06,5.03
2021/9/25,21:19.6,24.317,121.6832,46.13,5.78
2021/10/4,07:50.5,24.7842,122.2505,3.92,5.08
2021/10/18,49:18.6,24.2002,121.6702,31.4,5.25
2021/10/23,16:04.6,24.0678,121.6518,26.8,5.33
2021/10/24,12:42.7,24.5677,121.7768,64.13,5.58
2021/10/24,11:34.7,24.5333,121.7752,65.6,6.54
2021/11/14,05:15.2,24.5743,121.935,66.22,5.45
2021/11/17,25:35.1,24.7838,122.1798,10,5.31
2021/11/24,55:19.0,24.0545,122.4125,26.77,5.35
2021/12/6,05:51.9,24.8557,122.0475,105.43,5.51
2022/1/3,17:29.5,24.0757,122.1552,24.13,5.21
2022/1/3,46:37.3,24.0203,122.171,22.35,6.06
2022/1/5,11:36.6,24.026,122.4577,30.7,5.18
2022/1/16,15:41.7,24.1843,122.248,55.47,5.65
2022/1/25,35:53.1,24.6282,121.9508,64.74,5.1
2022/2/7,58:25.1,24.4053,121.9435,34.59,5.62
2022/2/11,43:13.2,24.0317,122.2715,26.36,5.65
2022/2/20,49:43.7,24.0097,122.4435,28.85,5.1
2022/3/6,51:56.8,24.8147,122.2267,110.63,5.22
2022/3/9,22:14.0,23.2552,121.428,33.37,5.71
2022/3/19,23:42.8,23.637,120.6875,14.84,5.17
2022/3/21,09:12.4,23.9815,122.1993,18.58,5.06
2022/3/22,06:55.2,22.025,121.3625,25.95,5.55
2022/3/22,41:38.9,23.3985,121.6118,25.73,6.7
2022/3/22,42:38.9,23.4397,121.487,28.41,5.79
2022/3/22,43:25.4,23.423,121.4277,22.63,6.21
2022/3/22,11:34.5,23.4038,121.449,23.35,5.08
2022/3/22,37:50.8,23.4223,121.5225,35.71,5.51
2022/3/22,35:03.9,23.4812,121.5007,28.88,5.87
2022/3/22,29:59.1,23.419,121.43,22.57,6.04
2022/3/22,41:08.1,23.333,121.4178,19.32,5.03
2022/3/24,38:26.1,23.4442,121.432,25,5.71
2022/4/7,36:10.1,21.6078,120.9848,39.42,5.86
2022/4/8,19:33.2,21.6635,121.0132,27.83,5.16
2022/4/9,43:50.7,21.7312,121.032,30.21,5.05
2022/4/11,15:31.3,21.5027,121.0477,34.1,5.27
2022/4/11,49:12.1,21.5602,121.0255,35.58,5.22
2022/4/23,53:48.2,24.6327,121.8248,69.25,5.12
2022/5/9,24:11.6,24.0625,122.4957,27.73,5.5
2022/6/20,05:07.8,23.6855,121.4543,7,6.09
2022/6/20,05:47.3,23.6905,121.4223,7.89,5.27
2022/6/20,39:43.0,23.7267,121.4645,9.46,5.15
2022/6/23,32:21.3,24.136,122.4587,27.99,5.28
2022/6/25,27:19.8,23.6415,121.4042,9.36,5.05
2022/6/25,34:35.0,23.621,121.417,9.98,5.26
2022/6/27,07:01.0,22.0625,120.1955,42.92,5.07
2022/6/27,03:22.5,22.0512,120.162,41.77,5.04
2022/6/28,34:59.3,22.0152,120.1845,42.75,5.1
2022/6/28,43:30.3,22.005,120.2115,42.92,5.48
2022/7/15,16:43.7,24.7405,122.2398,95.96,5.19
2022/7/24,32:34.8,23.254,121.4897,34.96,5.25
2022/7/28,16:16.2,22.9795,121.3598,42.3,5.46
2022/9/14,35:51.6,22.4935,121.369,19.19,5.33
2022/9/17,45:28.2,23.1167,121.1937,5.84,5.84
2022/9/17,35:14.2,23.0995,121.1783,9.88,5.4
2022/9/17,55:41.9,23.1115,121.1792,7.39,5.26
2022/9/17,41:19.1,23.084,121.1608,8.61,6.6
2022/9/18,39:55.9,23.2713,121.2985,11.49,5.85
2022/9/18,46:31.9,23.1213,121.1768,13.94,5.64
2022/9/18,57:35.4,23.1285,121.1968,5.71,5.32
2022/9/18,44:57.5,23.0723,121.1478,7.9,5.39
2022/9/18,44:15.2,23.137,121.1958,7.81,6.83
2022/9/18,32:03.3,23.1408,121.195,7.81,5.7
2022/9/18,19:19.4,23.1305,121.1817,12.13,6.15
2022/9/18,52:34.3,23.086,121.3047,13.93,5.01
2022/9/19,07:45.1,23.441,121.2995,13.38,6.02
2022/10/2,25:22.3,23.4872,121.4785,24.84,5.36
2022/10/10,17:51.7,23.6092,121.5333,31.24,5.38
2022/10/10,24:42.6,23.999,122.2195,20.95,6.06
2022/10/28,30:43.1,24.6222,122.0178,63.86,5.28
2022/10/31,48:27.8,22.9067,121.2102,8.73,5.17
2022/11/13,47:44.9,22.4408,121.0037,10.67,5.52
2022/11/15,53:21.4,22.4022,121.0263,10.55,5.11
2022/11/20,49:41.9,24.6543,121.9508,68.91,5.13
2022/11/26,38:04.2,23.8575,121.6365,35.96,5.64
2022/12/7,54:28.2,23.7967,121.6013,29.72,5.67
2022/12/15,03:16.4,23.7787,121.845,16.3,6.51
2022/12/22,36:32.3,22.5355,120.9847,8.61,5.31
2022/12/23,17:59.1,23.1267,121.1775,13.92,5.25
2023/1/13,02:37.3,24.0407,122.3357,24.19,5.04
2023/2/6,20:17.4,24.2727,121.76,22.08,5.19
2023/2/8,49:59.9,23.4445,121.5488,36.7,5.6
2023/2/11,35:49.2,23.4318,121.5337,34.2,5.21
2023/2/18,49:09.5,23.7087,120.7663,21.44,5.17
2023/3/3,48:44.3,24.8585,121.9062,108.71,5.07
2023/3/21,45:20.4,23.6413,121.3063,8.54,5.46
2023/5/4,38:20.9,23.4492,121.3007,14.08,5.1
2023/6/10,12:33.8,22.8717,120.6443,15.99,5.07
2023/6/10,31:53.5,22.8562,120.6553,18.34,5.49
2023/6/11,25:39.2,24.2147,122.492,46.82,5.52
2023/6/29,40:45.6,24.7152,122.49,98.25,5.16
2023/7/8,22:03.4,21.8738,121.6155,27.03,5.37
2023/7/8,47:12.0,21.911,121.6023,23.14,5.49
2023/7/9,11:33.6,24.0522,121.5135,20.06,5.32
2023/8/4,25:17.4,21.8367,121.6402,21.43,5.04
2023/8/4,22:12.5,21.8388,121.6413,20.29,5
2023/8/10,02:17.2,24.7942,121.949,91.23,5.02
2023/9/5,30:41.2,23.5255,120.3852,9.94,5.58
2023/9/15,34:30.8,24.3835,121.8283,43.09,5.3
2023/10/11,36:57.5,23.2737,121.244,14.53,5.88
2023/10/14,53:31.1,23.9982,122.3015,23.17,5.37
2023/11/10,54:39.9,23.458,121.5703,39.05,5.5
2023/11/26,31:11.4,24.061,122.4257,25.55,5.46
2023/12/19,01:28.5,25.1977,122.3287,181.01,5.17
2024/1/28,11:22.7,23.6488,121.2793,6.88,5.38
2024/1/28,11:55.7,23.638,121.275,6.6,5.13
2024/2/20,18:17.7,23.9805,122.4278,25.57,5.11
2024/2/20,08:37.4,23.9978,122.439,26.68,5
2024/2/24,37:09.0,23.6352,121.5765,22.37,5.03
2024/2/25,48:32.5,24.8068,122.0317,7.62,5.18
2024/2/29,26:27.8,23.4577,120.2798,16.8,5.09
2024/3/19,20:29.6,23.8215,121.772,18.93,5.06
2024/3/21,49:52.9,24.077,121.5252,21.31,5.36
2024/4/2,58:09.9,23.8757,121.5735,19.72,7.19
2024/4/3,46:53.4,23.8093,121.7717,19.46,5.02
2024/4/3,29:48.5,23.8137,121.7618,19.23,5.46
2024/4/3,55:12.5,24.2455,121.6777,13.65,5.1
2024/4/3,42:36.3,24.1688,121.6778,18.78,5.1
2024/4/3,39:10.1,24.1648,121.6802,19.38,5.13
2024/4/3,38:01.7,23.7477,121.5263,18.47,5
2024/4/3,23:52.9,24.1057,121.6678,41.01,5.13
2024/4/3,34:45.0,24.038,121.6558,41.11,5.39
2024/4/3,57:18.8,23.8135,121.601,27.83,5.29
2024/4/3,20:55.2,24.162,121.6417,32.8,5.22
2024/4/3,28:27.4,24.2247,121.797,24.32,5.4
2024/4/3,28:17.5,24.2053,121.7863,9.27,5.39
2024/4/3,23:25.6,24.1483,121.6555,18.07,5.04
2024/4/3,16:04.4,24.1308,121.9517,24.81,5.08
2024/4/3,14:34.9,24.1468,121.9762,26.9,6.24
2024/4/3,53:58.5,23.8707,121.5437,15.86,5.27
2024/4/3,49:41.4,23.7737,121.8107,15.5,5.28
2024/4/3,39:48.6,23.7948,121.8143,13.85,5.98
2024/4/3,39:37.2,23.8047,121.773,20.4,5.66
2024/4/3,17:43.5,24.0422,121.6705,35.74,5.21
2024/4/3,09:37.7,24.182,121.6885,9.68,5.48
2024/4/3,09:27.6,24.1068,121.7725,27.53,5.02
2024/4/3,07:16.5,24.0498,121.7015,21.81,5.05
2024/4/3,50:46.3,23.8293,121.5722,20.46,5.52
2024/4/3,46:52.0,24.1738,121.6168,10.8,5.49
2024/4/3,46:44.9,24.1853,121.7002,6.09,5.61
2024/4/3,43:55.0,23.9857,121.5425,9.45,5.48
2024/4/3,35:36.9,24.2005,121.7062,7.32,5.79
2024/4/3,31:14.6,23.9222,121.5993,25.13,5.25
2024/4/3,17:37.1,24.036,121.6992,31.13,5.48
2024/4/3,12:54.0,24.1577,121.645,7.74,5.28
2024/4/3,11:26.4,24.13,121.6513,13.44,6.56
2024/4/3,04:44.8,24.1603,121.6862,36.67,5.18
2024/4/3,03:47.6,23.967,121.6628,32.96,5.06
2024/4/3,02:23.8,24.1727,121.659,33.3,5.08
2024/4/3,01:51.0,24.0083,121.659,37.02,5.41
2024/4/3,00:19.3,23.8075,121.5847,30.72,5.71
2024/4/4,35:02.6,24.1718,121.6563,30.9,5.53
2024/4/4,30:06.5,24.2472,121.7782,15.02,5.26
2024/4/5,26:27.8,23.9668,121.75,25.96,5.46
2024/4/5,12:48.1,23.8338,121.537,7.03,5.16
2024/4/5,50:51.6,24.118,121.6968,17.99,5.5
2024/4/6,15:10.2,24.04,121.7223,21.49,5.22
2024/4/6,53:11.9,24.195,121.8497,22.05,5.14
2024/4/6,47:13.5,23.9365,121.666,34.03,5.39
2024/4/6,52:55.3,24.1908,121.7282,20.47,5.33
2024/4/7,01:22.1,24.1607,121.9708,41.7,5.63
2024/4/7,49:29.9,24.24,121.8628,23.95,5
2024/4/8,09:35.1,24.2157,121.8228,24.46,5.21
2024/4/8,02:37.2,23.9365,121.6558,35.36,5.49
2024/4/8,14:08.2,23.992,121.6963,27.6,5.04
2024/4/12,44:36.6,23.3583,120.202,11.21,5.02
2024/4/13,26:37.0,24.0273,121.5448,13.5,5
2024/4/16,59:50.3,24.1277,121.7525,31.49,5.2
2024/4/17,17:10.8,23.9235,121.6565,33.78,5.42
2024/4/21,40:56.8,23.533,121.5578,35.52,5.64
2024/4/21,35:52.2,24.1933,121.6653,32.19,5.42
2024/4/22,08:39.7,23.7555,121.5405,10.32,5.6
2024/4/22,12:10.8,23.7867,121.541,7.98,5.33
2024/4/22,15:59.4,23.7705,121.5158,4.94,5.1
2024/4/22,17:10.2,23.7717,121.5223,7.4,5.05
2024/4/22,52:55.1,23.7748,121.5807,9.52,5.27
2024/4/22,46:22.8,23.7597,121.5323,5.38,5.51
2024/4/22,49:06.9,23.754,121.5305,6.64,5.24
2024/4/22,50:31.5,23.75,121.545,6.8,5.77
2024/4/22,13:12.3,23.8232,121.5335,8.15,5.49
2024/4/22,22:08.1,23.7762,121.5087,7.86,5.05
2024/4/22,25:57.1,23.7343,121.5325,5.08,5.24
2024/4/22,45:35.9,23.7172,121.5417,3.78,5.1
2024/4/22,13:40.1,23.6975,121.5302,5.93,5.44
2024/4/22,11:24.6,23.7752,121.502,8.58,5.97
2024/4/22,26:52.9,23.74,121.6127,9.2,6.16
2024/4/22,32:48.8,23.8482,121.5208,7.74,6.22
2024/4/22,19:54.6,23.8642,121.5548,7.85,5.26
2024/4/22,20:11.4,23.8662,121.5432,10.27,5.21
2024/4/22,28:32.5,23.7957,121.5352,5.39,5.15
2024/4/22,34:05.6,23.7847,121.5595,6.82,5.02
2024/4/22,03:07.9,23.828,121.604,8.12,5.24
2024/4/22,49:58.1,23.736,121.5643,8.83,5.86
2024/4/22,52:56.6,23.7713,121.518,6.7,5.41
2024/4/22,53:29.1,23.7668,121.5097,4.87,5.18
2024/4/22,04:21.9,23.7037,121.5075,3.97,5.52
2024/4/22,14:47.1,23.7502,121.5227,5.69,5.15
2024/4/22,19:36.0,23.7788,121.5513,9.71,5.34
2024/4/22,19:43.6,23.7573,121.537,5.8,5.73
2024/4/22,24:31.2,23.7313,121.5283,6.72,5.36
2024/4/22,31:39.5,23.8518,121.5408,7.7,5.76
2024/4/22,31:44.1,23.7928,121.5095,11.9,5.49
2024/4/23,04:05.9,23.8352,121.5715,11.68,6.14
2024/4/23,04:24.4,23.9052,121.5492,7.01,5.41
2024/4/23,11:01.9,23.8878,121.5897,11.61,5.21
2024/4/23,45:45.5,23.814,121.5745,7.38,5.48
2024/4/23,21:00.9,23.859,121.5412,8.86,5.52
2024/4/24,30:53.2,23.8035,121.5645,7.29,5.08
2024/4/24,11:54.6,23.9807,122.3355,24.79,5.71
2024/4/24,12:17.2,23.9983,122.338,22.84,5.7
2024/4/26,28:12.3,23.7998,121.54,5.05,5
2024/4/26,21:24.1,24.1828,121.6748,35.54,6.31
2024/4/26,49:29.3,24.2505,121.6865,29.43,6
2024/4/26,13:28.4,24.1912,121.662,33.2,5.08
2024/4/28,40:21.6,24.149,121.6635,37.1,5.12
2024/5/2,07:28.0,22.4817,121.47,18.88,5.18
2024/5/6,45:32.2,23.7658,121.5623,27.71,6.05
2024/5/6,52:46.3,23.7533,121.5408,24.75,5.93
2024/5/10,35:39.2,23.7115,121.5917,8.23,5.23
2024/5/10,37:22.8,23.854,121.6073,6.66,5.17
2024/5/10,45:18.0,24.2315,121.8342,7.72,6.01
2024/5/11,16:02.4,23.8663,121.6287,6.46,5.07
2024/5/11,44:39.8,24.0408,121.734,27.8,5.09
2024/5/22,00:40.8,23.8287,121.7385,5.91,5.37
2024/5/24,07:11.0,24.1953,121.74,23.47,5.04
2024/5/29,54:45.8,24.0015,121.7542,26.65,5.3
2024/5/30,11:39.7,24.1917,121.6512,32.25,5.39
2024/5/30,52:17.3,23.963,121.649,37.45,5.03
2024/5/31,10:59.4,24.0605,121.5332,18.13,5.54
2024/6/1,32:39.4,24.368,121.991,22.16,5.06
2024/6/11,51:33.3,23.7928,121.6118,33.15,5.03
2024/6/18,46:58.7,24.1567,121.749,17.59,5.03
2024/6/23,27:10.0,23.8317,121.6188,23.77,5.55
2024/6/29,39:04.6,25.3385,122.4227,250.36,5.64
2024/7/26,24:00.0,24.143,121.6593,40.91,5.18
2024/7/27,21:48.0,21.826,121.1622,49.49,5.66
2024/8/15,06:46.1,24.4027,121.8707,12,5.82
2024/8/15,35:55.2,23.7828,121.705,19.36,6.37
2024/8/17,10:12.1,24.4133,121.8655,12.49,5.14
2024/8/28,14:52.9,24.1753,121.663,26.95,5.09
2024/8/31,21:42.5,23.821,121.6627,24.62,5.16
2024/9/2,26:25.2,23.9255,121.6402,32.68,5.63
2024/9/7,16:50.7,23.9572,121.6922,29.49,5.35
2024/9/11,41:10.7,23.9113,121.6447,41.63,5.01
2024/9/13,59:33.8,23.9587,121.6963,29.16,5.03
2024/9/18,09:52.4,23.9555,122.4792,25.49,5.27
2024/9/21,51:08.9,24.2502,121.6693,22.64,5.38
